                  epoch,         train/box_loss,         train/cls_loss,         train/dfl_loss,   metrics/precision(B),      metrics/recall(B),       metrics/mAP50(B),    metrics/mAP50-95(B),           val/box_loss,           val/cls_loss,           val/dfl_loss,                 lr/pg0,                 lr/pg1,                 lr/pg2
                      1,                0.83946,                 2.2025,                 1.2116,                0.69015,                0.59068,                0.66073,                0.48045,                   0.93,                 2.2668,                 1.3762,             0.00041035,             0.00041035,             0.00041035
                      2,                0.89485,                  1.481,                 1.2368,                0.80737,                0.64602,                0.78722,                0.56583,                 1.0164,                  1.862,                 1.5033,             0.00066327,             0.00066327,             0.00066327
                      3,                0.88409,                 1.3738,                 1.2233,                0.78322,                0.72916,                0.79781,                0.56552,                 1.1763,                  1.739,                 1.6068,             0.00075119,             0.00075119,             0.00075119
                      4,                0.83639,                 1.2151,                 1.1964,                0.84878,                0.77356,                0.86592,                0.63829,                0.92531,                 1.6852,                 1.4013,              0.0005075,              0.0005075,              0.0005075
                      5,                0.78479,                 1.1026,                 1.1686,                0.89097,                0.84311,                 0.9134,                0.71335,                0.90859,                 1.1678,                 1.3502,                0.00026,                0.00026,                0.00026
